Adduct Species,Mass Offset,Adduct Offset
M+H,1,1.007276
M+Na,1,22.989218
M+K,1,38.963158
M+NH4,1,18.033823
2M+NH4,2,18.033823
2M+Na,2,22.989218
